date,personId,mood,stress,moodBaseline,stressBaseline,driveCount
2021-01-01,person_458b05b253544c3e,0,0.25,0,0.25,0
2021-01-01,person_5ddb09a9f5487640,0,0.25,0,0.25,0
2021-01-01,person_5ddb0aa9f54877f3,0,0.25,0,0.25,0
2021-01-31,person_458b05b253544c3e,0,0.19124749423844314,0,0.25,0
2021-01-31,person_5ddb09a9f5487640,0,0.2127859914157097,0,0.25,0
2021-01-31,person_5ddb0aa9f54877f3,0,0.1451599243445042,0,0.25,0
2021-02-28,person_458b05b253544c3e,0,0.10456188738129765,0,0.25,0
2021-02-28,person_5ddb09a9f5487640,0,0.11632552114426423,0,0.25,0
2021-02-28,person_5ddb0aa9f54877f3,0,0.14476018581717004,0,0.25,0
2021-03-31,person_458b05b253544c3e,0,0.07882970321837622,0,0.25,0
2021-03-31,person_5ddb09a9f5487640,0,0.09038207854184258,0,0.25,0
2021-03-31,person_5ddb0aa9f54877f3,0,0.1338010062774367,0,0.25,0
2021-04-30,person_458b05b253544c3e,0,0.06799086056231175,0,0.25,0
2021-04-30,person_5ddb09a9f5487640,0,0.06910451995832428,0,0.25,0
2021-04-30,person_5ddb0aa9f54877f3,0,0.1546778347342833,0,0.25,0
2021-05-31,person_458b05b253544c3e,0,0.0654087527852767,0,0.25,0
2021-05-31,person_5ddb09a9f5487640,0,0.062302474823507335,0,0.25,0
2021-05-31,person_5ddb0aa9f54877f3,0,0.14475579663963956,0,0.25,0
2021-06-30,person_458b05b253544c3e,0,0.06230242685177451,0,0.25,0
2021-06-30,person_5ddb09a9f5487640,0,0.06230233876653319,0,0.25,0
2021-06-30,person_5ddb0aa9f54877f3,0,0.16366445896738518,0,0.25,0
2021-07-31,person_458b05b253544c3e,0,0.06230233876443691,0,0.25,0
2021-07-31,person_5ddb09a9f5487640,0,0.06230233876267496,0,0.25,0
2021-07-31,person_5ddb0aa9f54877f3,0,0.15467783448851974,0,0.25,0
2021-08-31,person_458b05b253544c3e,0,0.062302338762674915,0,0.25,0
2021-08-31,person_5ddb09a9f5487640,0,0.062302338762674894,0,0.25,0
2021-08-31,person_5ddb0aa9f54877f3,0,0.14475579663809507,0,0.25,0
2021-09-30,person_458b05b253544c3e,0,0.062302338762674894,0,0.25,0
2021-09-30,person_5ddb09a9f5487640,0,0.062302338762674894,0,0.25,0
2021-09-30,person_5ddb0aa9f54877f3,0,0.16366445896737147,0,0.25,0
2021-10-31,person_458b05b253544c3e,0,0.062302338762674894,0,0.25,0
2021-10-31,person_5ddb09a9f5487640,0,0.062302338762674894,0,0.25,0
2021-10-31,person_5ddb0aa9f54877f3,0,0.15467783448851968,0,0.25,0
2021-11-30,person_458b05b253544c3e,0,0.062302338762674894,0,0.25,0
2021-11-30,person_5ddb09a9f5487640,0,0.062302338762674894,0,0.25,0
2021-11-30,person_5ddb0aa9f54877f3,0,0.13380097869316657,0,0.25,0
2021-12-31,person_458b05b253544c3e,0,0.062302338762674894,0,0.25,0
2021-12-31,person_5ddb09a9f5487640,0,0.062302338762674894,0,0.25,0
2021-12-31,person_5ddb0aa9f54877f3,0,0.16366445896737147,0,0.25,0
2022-01-01,person_458b05b253544c3e,0,0.062302338762674894,0,0.25,0
2022-01-01,person_5ddb09a9f5487640,0,0.062302338762674894,0,0.25,0
2022-01-01,person_5ddb0aa9f54877f3,0,0.13380097869316657,0,0.25,0
