naics,geography,establishments,receiptsThousands,employees
2381,US,104198,266361721,960223
2382,US,203401,589277528,2280334
2381,01,1013,2613947,9257
2382,01,2702,6944225,32307
2381,02,300,402196,1528
2382,02,536,1096563,3893
2381,04,1894,9661683,33462
2382,04,4273,13492333,56397
2381,05,777,1994341,8347
2382,05,1942,4212082,19000
2381,06,9687,31247901,128843
2382,06,22335,73251858,260035
2381,08,3131,7171529,26005
2382,08,4940,11527408,46010
2381,09,988,2187062,7410
2382,09,2619,5785255,21272
2381,10,294,654455,2334
2382,10,668,1943146,8122
2381,11,39,449238,2432
2382,11,73,670956,2322
2381,12,8082,20205489,75440
2382,12,16278,37010945,165970
2381,13,2611,8448369,21773
2382,13,5929,18998805,66816
2381,15,317,963547,3525
2382,15,811,2544949,8813
2381,16,1924,2298107,10166
2382,16,1653,3411532,15188
2381,17,4135,8825255,28443
2382,17,7237,22757340,73657
2381,18,2236,5119354,17809
2382,18,3536,11673487,46706
2381,19,1574,3195857,10117
2382,19,2154,6494898,26630
2381,20,1192,2556929,10104
2382,20,1768,5042996,20714
2381,21,1046,1917900,8051
2382,21,2399,7110876,28784
2381,22,914,2675516,9900
2382,22,2743,8631522,40928
2381,23,586,762569,3169
2382,23,1461,2008812,8381
2381,24,1631,5535681,21729
2382,24,3801,15747396,58559
2381,25,2130,5743597,18102
2382,25,6386,18546468,61304
2381,26,2694,6117272,20172
2382,26,4881,15404466,57992
2381,27,2651,6600732,18331
2382,27,3528,11654129,39914
2381,28,422,868726,3676
2382,28,1244,2758615,12555
2381,29,2202,5533114,19365
2382,29,3337,10946774,40734
2381,30,915,1158542,4065
2382,30,1287,1853759,7446
2381,31,1236,2212525,8201
2382,31,1561,4150918,17301
2381,32,681,4222379,18875
2382,32,1689,6887304,26748
2381,33,528,1135780,4155
2382,33,1464,2350202,10148
2381,34,2359,5716690,17069
2382,34,6729,16286948,58308
2381,35,594,966167,4925
2382,35,1308,2394788,11931
2381,36,5243,11925657,41159
2382,36,13344,36386461,130535
2381,37,3586,8197092,28115
2382,37,7133,17411451,77120
2381,38,453,644997,2468
2382,38,743,2191924,8235
2381,39,3366,8428647,30335
2382,39,5265,18303386,71962
2381,40,1316,2488103,9689
2382,40,2745,4773112,23348
2381,41,1890,4173928,17026
2382,41,2484,8593423,31398
2381,42,3718,9453958,30857
2382,42,7193,20158698,75352
2381,44,376,685160,2573
2382,44,913,2026993,7744
2381,45,1362,3293426,9111
2382,45,2939,7345665,29276
2381,46,663,1059376,3793
2382,46,747,1520890,6566
2381,47,1563,4802449,17036
2382,47,3272,10635257,46416
2381,48,7521,26869259,92381
2382,48,15518,51945351,208045
2381,49,2231,5337454,20814
2382,49,2599,7925935,30213
2381,50,340,383856,1459
2382,50,632,974528,4491
2381,51,2662,6176339,23924
2382,51,4816,15271183,63018
2381,53,4043,7859403,32635
2382,53,4772,16831161,59654
2381,54,342,430716,1920
2382,54,702,1387387,6238
2381,55,2357,4589248,16252
2382,55,3625,10987091,41331
2381,56,383,400204,1896
2382,56,687,1015877,4507
4441,US,59205,481863310,1258887
4451,US,101624,855861066,3059550
4441,01,968,7533598,19897
4451,01,1210,9912951,37129
4441,02,171,1384346,3634
4451,02,266,2067379,6658
4441,04,1020,9024301,25888
4451,04,1246,18013676,56133
4441,05,662,4345914,11266
4451,05,633,5305567,19449
4441,06,5486,46162858,118544
4451,06,11319,110584449,348737
4441,08,1045,9283906,24356
4451,08,1159,17554454,48625
4441,09,686,5792106,14904
4451,09,1225,10981801,40169
4441,10,192,1990179,4951
4451,10,290,2568499,9186
4441,11,33,294780,876
4451,11,339,1923070,7355
4441,12,3924,33235425,87995
4451,12,7188,63741384,248082
4441,13,1730,20940959,43787
4451,13,3561,29407652,100614
4441,15,192,1996538,4827
4451,15,473,4387423,14033
4441,16,489,3335290,8039
4451,16,361,4421172,14778
4441,17,2012,14979520,46158
4451,17,3749,31752540,105159
4441,18,1304,10768782,29084
4451,18,1331,12786378,40266
4441,19,828,4953729,13360
4451,19,759,7777029,41816
4441,20,680,4206612,12267
4451,20,652,6344167,23873
4441,21,963,6583915,18500
4451,21,1113,10092801,30577
4441,22,945,7573709,20512
4451,22,1453,9951811,38370
4441,23,444,3041770,7704
4451,23,589,5386878,19229
4441,24,807,8221483,21304
4451,24,2065,17305208,63602
4441,25,1294,10620250,27020
4451,25,3079,22950458,89828
4441,26,1983,14314067,41094
4451,26,2621,18159406,61167
4441,27,1348,10188999,25940
4451,27,1205,11578974,51311
4441,28,631,4034231,11275
4451,28,780,4895478,18041
4441,29,1292,9308953,26909
4451,29,1384,12273706,44403
4441,30,424,2618026,6250
4451,30,317,3026130,10537
4441,31,522,3447484,9453
4451,31,495,4318609,20410
4441,32,377,4093397,9851
4451,32,734,8414803,26456
4441,33,429,3872853,9952
4451,33,457,5600328,19579
4441,34,1490,13388239,34023
4451,34,4027,26908219,92196
4441,35,378,2852310,8016
4451,35,314,4304714,15398
4441,36,3670,23282765,62397
4451,36,12760,53395624,206480
4441,37,1942,18836010,42448
4451,37,2980,26769614,122452
4441,38,275,1800489,4177
4451,38,201,1306485,5987
4441,39,2099,15904339,48574
4451,39,3491,28891542,95313
4441,40,831,4995995,14466
4451,40,731,5770768,21337
4441,41,861,6897868,16381
4451,41,1776,12402947,42565
4441,42,2409,16786682,47692
4451,42,4212,33776029,141185
4441,44,202,1653542,4695
4451,44,358,3188236,12136
4441,45,994,8810864,22279
4451,45,1491,13216389,56041
4441,46,331,2095437,4822
4451,46,231,1751785,9104
4441,47,1340,12058999,29543
4451,47,1741,17117857,55812
4441,48,4244,40809874,100880
4451,48,7465,80405002,265364
4441,49,639,6043957,13696
4451,49,596,7233202,26992
4441,50,229,1288416,3155
4451,50,299,1959348,9374
4441,51,1248,11404819,31241
4451,51,2838,23785126,91441
4441,53,1307,10979531,28054
4451,53,2281,22437461,68752
4441,54,357,2286018,6867
4451,54,413,3341296,11493
4441,55,1259,10243161,26657
4451,55,1242,13058934,50188
4441,56,219,1296015,3227
4451,56,124,1356307,4368
5411,US,182081,374572500,1395948
5412,US,136861,208847722,1313416
5411,01,2387,3034279,12941
5412,01,1605,1425026,11699
5411,02,327,,
5412,02,383,205060,1628
5411,04,3492,4792944,20985
5412,04,3179,2899579,23487
5411,05,,,
5412,05,1147,741702,6695
5411,06,24097,58010010,198584
5412,06,18582,30859336,204946
5411,08,3816,6223861,22490
5412,08,3762,3975851,25838
5411,09,2045,3176969,12709
5412,09,1290,2937245,13930
5411,10,486,,
5412,10,382,419602,3188
5411,11,1277,21512343,58469
5412,11,196,2027157,10098
5411,12,19262,27042437,114883
5412,12,12859,12667405,83620
5411,13,6316,11544885,40794
5412,13,4636,8052159,48364
5411,15,594,753172,3025
5412,15,669,469624,3364
5411,16,967,,
5412,16,1072,637321,5451
5411,17,7521,22070588,66678
5412,17,5209,11573221,58509
5411,18,2482,3322841,14847
5412,18,2103,2699775,20801
5411,19,1386,,7088
5412,19,1139,1165380,9340
5411,20,1336,,
5412,20,1211,1067493,10550
5411,21,1986,2006600,10708
5412,21,1403,1402207,11792
5411,22,3596,4615824,19128
5412,22,1929,2194790,17935
5411,23,664,,4030
5412,23,555,555224,4033
5411,24,3090,4289537,20622
5412,24,2519,3423099,20877
5411,25,4168,10883306,38685
5412,25,2575,7393042,33058
5411,26,4162,5875618,27059
5412,26,3494,4555139,33770
5411,27,2449,,
5412,27,2120,3291225,21220
5411,28,1360,1322741,6787
5412,28,816,935873,7495
5411,29,3125,5445379,21517
5412,29,2354,3385467,25438
5411,30,749,,2905
5412,30,719,381592,3511
5411,31,,,
5412,31,777,828843,6463
5411,32,1867,2558140,10948
5412,32,1396,1073806,8255
5411,33,609,,4006
5412,33,530,690364,4025
5411,34,5304,9111608,37491
5412,34,3746,7836120,42979
5411,35,1055,,5180
5412,35,764,499096,4478
5411,36,12849,59408475,170285
5412,36,9109,24578684,120696
5411,37,4182,6532824,29119
5412,37,3779,5218826,33678
5411,38,,,
5412,38,301,259151,2297
5411,39,4586,7054978,32987
5412,39,3810,6072795,38348
5411,40,2540,2436482,12353
5412,40,1806,1901967,16536
5411,41,2324,2778988,12707
5412,41,2145,1751528,12966
5411,42,5919,12597253,54414
5412,42,4117,7836249,49937
5411,44,765,1195522,4882
5412,44,446,487689,3278
5411,45,2744,3719269,17238
5412,45,1799,1348926,12315
5411,46,420,,
5412,46,339,273213,2265
5411,47,2641,,
5412,47,1890,2846543,22279
5411,48,15098,31683455,117787
5412,48,11141,18296182,110951
5411,49,1684,2291524,10632
5412,49,1703,1931195,14466
5411,50,,,
5412,50,279,194598,1592
5411,51,4122,6431519,30563
5412,51,3075,6932581,38684
5411,53,3757,,
5412,53,3323,3819409,24023
5411,54,813,975210,4891
5412,54,492,292127,3203
5411,55,1953,2884814,13934
5412,55,1846,2374354,17637
5411,56,519,325362,
5412,56,340,162882,1428
5411,01,,,
5412,01,109,,525
5411,02,,,
5412,02,56,,153
5411,04,,,
5412,04,16,,40
5411,05,,,
5412,05,174,64002,877
5411,06,,,
5412,06,,,
5411,08,,,
5412,08,200,54402,586
5411,12,,,
5412,12,80,23502,319
5411,13,,,
5412,13,197,74220,878
5411,16,,,
5412,16,,,
5411,17,199,,612
5412,17,205,79775,1030
5411,18,,,
5412,18,125,39657,597
5411,19,342,151750,1164
5412,19,269,189500,1970
5411,20,,,
5412,20,207,,
5411,21,,,
5412,21,167,65621,1111
5411,22,,,
5412,22,,,
5411,23,,,
5412,23,147,47106,587
5411,24,,,
5412,24,41,,159
5411,26,,,
5412,26,193,82187,923
5411,27,,,
5412,27,174,,
5411,28,,,
5412,28,,56216,
5411,29,232,94711,
5412,29,260,,
5411,30,,,
5412,30,199,56762,619
5411,31,,,
5412,31,149,74578,728
5411,32,,,
5412,32,,,
5411,33,,,
5412,33,34,74981,540
5411,35,,,
5412,35,23,,
5411,36,,,
5412,36,88,111569,2528
5411,37,,,
5412,37,185,85196,897
5411,38,,,
5412,38,,,
5411,39,,43136,
5412,39,110,,
5411,40,,74871,
5412,40,191,102091,1145
5411,41,,,
5412,41,25,,88
5411,42,,,
5412,42,82,26776,402
5411,45,,,468
5412,45,,,
5411,46,,,
5412,46,63,27344,
5411,47,,,
5412,47,104,,504
5411,48,,,
5412,48,415,153667,1886
5411,49,,,
5412,49,,,
5411,50,,,
5412,50,55,15212,175
5411,51,,,
5412,51,209,,928
5411,53,,,
5412,53,76,,251
5411,54,,,
5412,54,107,,574
5411,55,,,
5412,55,199,,
5411,56,,,
5412,56,77,,274
7225,US,608144,800120264,11008410
7225,01,8043,10177180,153181
7225,02,1355,1524469,17720
7225,04,11578,18264620,248646
7225,05,4930,5861191,95182
7225,06,78509,115388031,1381613
7225,08,11380,16477956,223732
7225,09,7483,8406586,108753
7225,10,1917,2576174,35801
7225,11,2019,3591464,41839
7225,12,38385,59281888,795476
7225,13,19611,27046675,370057
7225,15,3185,4998226,54668
7225,16,3300,3653106,61740
7225,17,23143,29940637,394609
7225,18,11481,13967321,228316
7225,19,5348,5304574,92400
7225,20,5014,5817771,97735
7225,21,6860,9113935,147408
7225,22,7923,9801451,148411
7225,23,3031,3122059,40390
7225,24,10291,14748493,194954
7225,25,14455,19698893,235370
7225,26,16810,19381466,298267
7225,27,8817,10996865,174727
7225,28,4864,5637187,93492
7225,29,10425,12635483,204010
7225,30,2331,2464126,38855
7225,31,3456,3884820,63188
7225,32,5924,10213565,128185
7225,33,2976,3637769,48772
7225,34,18431,21027618,242339
7225,35,3405,4654559,71269
7225,36,44372,51686710,574990
7225,37,18959,24783614,378815
7225,38,1340,1445376,23406
7225,39,20393,25220401,403141
7225,40,6812,8318545,135548
7225,41,9099,10085594,142097
7225,42,22130,23043728,355914
7225,44,2539,2966717,40187
7225,45,9520,12736961,188658
7225,46,1558,1678469,27924
7225,47,12119,16900445,250477
7225,48,51346,76910555,1067370
7225,49,5302,6916859,107863
7225,50,1257,1169998,17219
7225,51,15729,20124846,286031
7225,53,14850,18074381,231325
7225,54,2788,2961944,49289
7225,55,10240,10555063,178049
7225,56,1111,1243900,19002
8111,US,167855,158026955,968602
8121,US,155827,54756173,762512
8111,01,2178,1995421,11903
8121,01,1392,446782,6105
8111,02,370,396679,2159
8121,02,274,91825,1330
8111,04,3320,3785057,23580
8121,04,3125,1291391,16562
8111,05,1363,1087512,6979
8121,05,787,239257,3120
8111,06,19638,20332164,121169
8121,06,19436,6731151,96489
8111,08,3396,3617266,20419
8121,08,3706,1439829,18056
8111,09,1756,1754831,9977
8121,09,2405,823863,12315
8111,10,434,433364,2661
8121,10,560,422644,3465
8111,11,57,76099,384
8121,11,288,178606,2004
8111,12,10971,8515504,54627
8121,12,12701,4096252,47821
8111,13,4882,4809717,29786
8121,13,4693,1660425,18604
8111,15,487,508346,2916
8121,15,591,224479,2785
8111,16,1147,977877,5950
8121,16,690,219009,3133
8111,17,7440,6820034,40345
8121,17,5705,2128242,27968
8111,18,3595,3607740,22991
8121,18,2310,771950,11768
8111,19,2120,1708510,10577
8121,19,1222,377287,5344
8111,20,1618,1285312,8693
8121,20,1165,407440,6177
8111,21,1875,1581091,11686
8121,21,1112,389380,5825
8111,22,1979,1754372,10841
8121,22,1551,555953,7859
8111,23,965,687360,4050
8121,23,471,140137,2051
8111,24,2913,3318724,18923
8121,24,2612,1062870,15690
8111,25,3890,3747602,19785
8121,25,4513,1676513,23838
8111,26,5724,4881164,31409
8121,26,3409,1191020,17689
8111,27,3228,3536326,18934
8121,27,2819,1025071,15706
8111,28,1269,1088428,6928
8121,28,610,197868,2559
8111,29,3607,3205384,20878
8121,29,2236,830447,11387
8111,30,891,692919,4137
8121,30,360,106294,1354
8111,31,1456,1272812,7665
8121,31,910,264782,3805
8111,32,1498,1498262,9363
8121,32,1321,592085,9275
8111,33,1039,941031,4871
8121,33,739,272229,3822
8111,34,4644,4507816,25301
8121,34,7395,2397690,39945
8111,35,1042,902684,5999
8121,35,567,185711,2500
8111,36,9360,7650218,45895
8121,36,15060,4373594,64952
8111,37,5227,4400592,30604
8121,37,3831,1387307,18344
8111,38,609,603911,3106
8121,38,399,130038,1850
8111,39,5434,5095422,33041
8121,39,4394,1652303,26444
8111,40,1879,1540826,10220
8121,40,1179,399512,5256
8111,41,2236,2125351,13213
8121,41,1773,574732,8001
8111,42,7598,6216228,37514
8121,42,8012,2382616,41226
8111,44,688,726776,3907
8121,44,630,201201,2569
8111,45,2331,2087398,13992
8121,45,1881,635256,7705
8111,46,750,591777,3351
8121,46,298,117657,1627
8111,47,2850,2901301,18610
8121,47,2031,997232,12970
8111,48,13464,14704623,95069
8121,48,10540,4597593,57180
8111,49,1766,1896960,11359
8121,49,1694,527097,7885
8111,50,494,381529,2156
8121,50,245,65776,902
8111,51,4311,4273048,27025
8121,51,4635,1663640,22487
8111,53,3528,3645260,21215
8121,53,4307,1569284,20091
8111,54,796,547709,3607
8121,54,408,123288,2065
8111,55,3257,2903164,16520
8121,55,2637,879825,14057
8111,56,485,407454,2312
8121,56,198,39740,550
